Tên sách,Tác giả,ISBN,Nhà xuất bản,Năm XB,Số lượng,Số trang,Thể loại
Designing Data-Intensive Applications,Martin Kleppmann,9781449373320,O'Reilly Media,2017,6,616,Hệ thống dữ liệu
Cracking the Coding Interview,Gayle Laakmann McDowell,9780984782857,CareerCup,2015,8,687,Lập trình
The Clean Coder,Robert C. Martin,9780137081073,Prentice Hall,2011,5,256,Công nghệ phần mềm
Spring in Action (6th Edition),Craig Walls,9781617297571,Manning,2022,5,520,Lập trình
Java Concurrency in Practice,Brian Goetz,9780321349606,Addison-Wesley,2006,4,424,Lập trình
The Pragmatic Programmer,"David Thomas, Andrew Hunt",9780135957059,Addison-Wesley,2019,7,352,Công nghệ phần mềm
Clean Architecture,Robert C. Martin,9780134494166,Prentice Hall,2017,6,432,Công nghệ phần mềm
Domain-Driven Design,Eric Evans,9780321125217,Addison-Wesley,2003,3,560,Công nghệ phần mềm
Working Effectively with Legacy Code,Michael Feathers,9780131177055,Prentice Hall,2004,3,456,Công nghệ phần mềm
Test Driven Development: By Example,Kent Beck,9780321146533,Addison-Wesley,2002,4,240,Công nghệ phần mềm
Code Complete,Steve McConnell,9780735619678,Microsoft Press,2004,5,960,Công nghệ phần mềm
The Mythical Man-Month,Frederick P. Brooks Jr.,9780201835953,Addison-Wesley,1995,3,336,Quản lý dự án
Head First Design Patterns,"Eric Freeman, Elisabeth Robson",9780596007126,O'Reilly Media,2004,6,694,Công nghệ phần mềm
Introduction to Algorithms,Thomas H. Cormen,9780262033848,MIT Press,2009,4,1312,Thuật toán
Grokking Algorithms,Aditya Bhargava,9781617292231,Manning,2016,10,256,Thuật toán
Structure and Interpretation of Computer Programs,"Harold Abelson, Gerald Jay Sussman",9780262510875,MIT Press,1996,2,657,Khoa học máy tính
Sapiens: A Brief History of Humankind,Yuval Noah Harari,9780062316097,Harper,2015,9,464,Lịch sử
Thinking Fast and Slow,Daniel Kahneman,9780374533557,Farrar Straus and Giroux,2013,7,499,Tâm lý học
Atomic Habits,James Clear,9780735211292,Avery,2018,12,320,Kỹ năng sống
The Alchemist,Paulo Coelho,9780062315007,HarperOne,2014,15,208,Văn học
To Kill a Mockingbird,Harper Lee,9780061120084,Harper Perennial,2006,8,336,Văn học
1984,George Orwell,9780451524935,Signet Classic,1950,10,328,Văn học
